{"cameraMode":{"drawMode":0,"name":"Shaded","section":"Shading Mode"},"sceneLighting":true,"audioPlay":false,"sceneViewState":{"showFog":true,"showMaterialUpdate":false,"showSkybox":true,"showFlares":true,"showImageEffects":true,"showParticleSystems":true},"in2DMode":false,"pivot":{"x":10.554184913635254,"y":-4.725412845611572,"z":22.53488540649414},"rotation":{"x":-0.2474622130393982,"y":-0.6278865933418274,"z":0.22049036622047425,"w":-0.7042933106422424},"size":36.40663146972656,"orthographic":false}