{"cameraMode":{"drawMode":0,"name":"Shaded","section":"Shading Mode"},"sceneLighting":false,"audioPlay":false,"sceneViewState":{"showFog":true,"showMaterialUpdate":false,"showSkybox":false,"showFlares":true,"showImageEffects":true,"showParticleSystems":true},"in2DMode":false,"pivot":{"x":-13.52987289428711,"y":3.1268317699432375,"z":2.5063529014587404},"rotation":{"x":-0.12198877334594727,"y":0.12677812576293946,"z":-0.01574874110519886,"w":-0.9843106269836426},"size":4.177465438842773,"orthographic":false}