{"cameraMode":{"drawMode":0,"name":"Shaded","section":"Shading Mode"},"sceneLighting":false,"audioPlay":false,"sceneViewState":{"showFog":true,"showMaterialUpdate":false,"showSkybox":false,"showFlares":true,"showImageEffects":true,"showParticleSystems":true},"in2DMode":false,"pivot":{"x":-1.3499999046325684,"y":0.5,"z":-0.07499998807907105},"rotation":{"x":0.023830730468034745,"y":0.9730488657951355,"z":-0.11763311922550202,"w":0.19704481959342957},"size":8.085420608520508,"orthographic":false}